current_time,frame_processing
0.0,0.052919528461015455
0.000997,0.05416153607145933
18.898556,0.04659332698070991
37.363293,0.051332515378367506
58.82766,0.05193940722714977
